1-2 loop,GC:GC,GC:CG,CG:GC,CG:CG,GC:AU,GC:UA,GC:UG,GC:GU,CG:AU,CG:UA,CG:UG,CG:GU,AU:UG,AU:GU,UA:UG,UA:GU
A-AA,2.5,2.4,2.4,2.3,3.2,3.2,3.2,3.2,3.2,3.2,3.2,3.2,3.9,3.9,3.9,3.9
A-AG,1.2,1,1,0.8,1.8,1.8,1.8,1.8,1.8,1.8,1.8,1.8,2.5,2.5,2.5,2.5
A-AC,2.1,2.1,2.1,2.1,2.9,2.9,2.9,2.9,2.9,2.9,2.9,2.9,3.6,3.6,3.6,3.6
A-GA,2.1,1.6,1.6,1.1,2.4,2.4,2.4,2.4,2.4,2.4,2.4,2.4,3.1,3.1,3.1,3.1
A-GG,0.4,0.4,0.4,0.4,1.2,1.2,1.2,1.2,1.2,1.2,1.2,1.2,1.9,1.9,1.9,1.9
A-GC,1.6,1.6,1.6,1.6,2.4,2.4,2.4,2.4,2.4,2.4,2.4,2.4,3.1,3.1,3.1,3.1
A-CA,2.2,2.2,2.2,2.2,3,3,3,3,3,3,3,3,3.7,3.7,3.7,3.7
A-CG,0.6,0.6,0.6,0.6,1.4,1.4,1.4,1.4,1.4,1.4,1.4,1.4,2.1,2.1,2.1,2.1
A-CC,1.7,1.7,1.7,1.7,2.5,2.5,2.5,2.5,2.5,2.5,2.5,2.5,3.2,3.2,3.2,3.2
U-UU,1.2,1.2,1.2,1.2,2,2,2,2,2,2,2,2,2.7,2.7,2.7,2.7
U-UC,1.2,1.3,1.3,1.5,2.1,2.1,2.1,2.1,2.1,2.1,2.1,2.1,2.8,2.8,2.8,2.8
U-CU,1.7,1.7,1.7,1.7,2.5,2.5,2.5,2.5,2.5,2.5,2.5,2.5,3.2,3.2,3.2,3.2
U-CC,2.2,2.2,2.2,2.2,3,3,3,3,3,3,3,3,3.7,3.7,3.7,3.7
G-AA,1.7,1.7,1.7,1.7,2.5,2.5,2.5,2.5,2.5,2.5,2.5,2.5,3.2,3.2,3.2,3.2
G-AG,0.8,0.8,0.8,0.8,1.6,1.6,1.6,1.6,1.6,1.6,1.6,1.6,2.3,2.3,2.3,2.3
G-GA,0.8,0.8,0.8,0.8,1.6,1.6,1.6,1.6,1.6,1.6,1.6,1.6,2.3,2.3,2.3,2.3
G-GG,2.2,2.2,2.2,2.2,3,3,3,3,3,3,3,3,3.7,3.7,3.7,3.7
C-AA,2.3,2.3,2.3,2.3,3.1,3.1,3.1,3.1,3.1,3.1,3.1,3.1,3.8,3.8,3.8,3.8
C-AU,2.5,2.5,2.5,2.5,3.3,3.3,3.3,3.3,3.3,3.3,3.3,3.3,4,4,4,4
C-AC,2.2,2.2,2.2,2.2,3,3,3,3,3,3,3,3,3.7,3.7,3.7,3.7
C-UA,2.2,2.2,2.2,2.2,3,3,3,3,3,3,3,3,3.7,3.7,3.7,3.7
C-UU,2.2,2.2,2.2,2.2,3,3,3,3,3,3,3,3,3.7,3.7,3.7,3.7
C-UC,2.2,2.2,2.2,2.2,3,3,3,3,3,3,3,3,3.7,3.7,3.7,3.7
C-CA,2.2,2.2,2.2,2.2,3,3,3,3,3,3,3,3,3.7,3.7,3.7,3.7
C-CU,1.9,1.9,1.9,1.9,2.7,2.7,2.7,2.7,2.7,2.7,2.7,2.7,3.4,3.4,3.4,3.4
C-CC,2.5,2.5,2.5,2.5,3.3,3.3,3.3,3.3,3.3,3.3,3.3,3.3,4,4,4,4